{
  "authenticate" : {
    "transaction" : "authenticate",
    "sampleCount" : 100,
    "errorCount" : 0,
    "errorPct" : 0.0,
    "meanResTime" : 577.7000000000002,
    "medianResTime" : 565.0,
    "minResTime" : 126.0,
    "maxResTime" : 1942.0,
    "pct1ResTime" : 971.2000000000007,
    "pct2ResTime" : 1330.1999999999991,
    "pct3ResTime" : 1941.4499999999998,
    "throughput" : 28.506271379703534,
    "receivedKBytesPerSec" : 22.66025869441277,
    "sentKBytesPerSec" : 16.006939495438996
  },
  "create education detail entry API" : {
    "transaction" : "create education detail entry API",
    "sampleCount" : 100,
    "errorCount" : 0,
    "errorPct" : 0.0,
    "meanResTime" : 377.3,
    "medianResTime" : 317.0,
    "minResTime" : 32.0,
    "maxResTime" : 1579.0,
    "pct1ResTime" : 856.4000000000001,
    "pct2ResTime" : 1108.2999999999993,
    "pct3ResTime" : 1575.4499999999982,
    "throughput" : 23.91200382592061,
    "receivedKBytesPerSec" : 9.363978060736489,
    "sentKBytesPerSec" : 16.649666726446675
  },
  "get education-study-field API" : {
    "transaction" : "get education-study-field API",
    "sampleCount" : 100,
    "errorCount" : 0,
    "errorPct" : 0.0,
    "meanResTime" : 222.23999999999995,
    "medianResTime" : 37.5,
    "minResTime" : 4.0,
    "maxResTime" : 1139.0,
    "pct1ResTime" : 773.9000000000008,
    "pct2ResTime" : 912.1499999999999,
    "pct3ResTime" : 1137.5499999999993,
    "throughput" : 22.3463687150838,
    "receivedKBytesPerSec" : 9.536487430167599,
    "sentKBytesPerSec" : 10.976780726256985
  },
  "get employee-type API" : {
    "transaction" : "get employee-type API",
    "sampleCount" : 100,
    "errorCount" : 0,
    "errorPct" : 0.0,
    "meanResTime" : 207.47,
    "medianResTime" : 102.5,
    "minResTime" : 5.0,
    "maxResTime" : 903.0,
    "pct1ResTime" : 590.2000000000002,
    "pct2ResTime" : 665.8499999999999,
    "pct3ResTime" : 902.1599999999996,
    "throughput" : 22.3563603845294,
    "receivedKBytesPerSec" : 12.99026799687011,
    "sentKBytesPerSec" : 10.80702967806841
  },
  "Total" : {
    "transaction" : "Total",
    "sampleCount" : 1000,
    "errorCount" : 0,
    "errorPct" : 0.0,
    "meanResTime" : 306.71700000000004,
    "medianResTime" : 231.0,
    "minResTime" : 4.0,
    "maxResTime" : 2283.0,
    "pct1ResTime" : 742.5999999999997,
    "pct2ResTime" : 915.9499999999999,
    "pct3ResTime" : 1478.8300000000002,
    "throughput" : 205.4653790836244,
    "receivedKBytesPerSec" : 100.00385247585781,
    "sentKBytesPerSec" : 115.97557530306143
  },
  "update education entry API" : {
    "transaction" : "update education entry API",
    "sampleCount" : 100,
    "errorCount" : 0,
    "errorPct" : 0.0,
    "meanResTime" : 184.82000000000002,
    "medianResTime" : 81.5,
    "minResTime" : 36.0,
    "maxResTime" : 1108.0,
    "pct1ResTime" : 432.70000000000005,
    "pct2ResTime" : 589.2999999999998,
    "pct3ResTime" : 1105.0699999999986,
    "throughput" : 22.21235006663705,
    "receivedKBytesPerSec" : 9.631136161705909,
    "sentKBytesPerSec" : 11.995536705908485
  },
  "update professional qualifications API" : {
    "transaction" : "update professional qualifications API",
    "sampleCount" : 100,
    "errorCount" : 0,
    "errorPct" : 0.0,
    "meanResTime" : 164.20999999999998,
    "medianResTime" : 47.5,
    "minResTime" : 25.0,
    "maxResTime" : 855.0,
    "pct1ResTime" : 398.9,
    "pct2ResTime" : 581.6999999999995,
    "pct3ResTime" : 854.4699999999997,
    "throughput" : 22.281639928698752,
    "receivedKBytesPerSec" : 9.682939226827093,
    "sentKBytesPerSec" : 12.163512422014259
  },
  "create professional qualification entry API" : {
    "transaction" : "create professional qualification entry API",
    "sampleCount" : 100,
    "errorCount" : 0,
    "errorPct" : 0.0,
    "meanResTime" : 349.25000000000006,
    "medianResTime" : 251.0,
    "minResTime" : 30.0,
    "maxResTime" : 2170.0,
    "pct1ResTime" : 808.9,
    "pct2ResTime" : 1080.1499999999999,
    "pct3ResTime" : 2160.8899999999953,
    "throughput" : 23.041474654377883,
    "receivedKBytesPerSec" : 9.023077476958525,
    "sentKBytesPerSec" : 13.343353974654379
  },
  "create specific skill entry API" : {
    "transaction" : "create specific skill entry API",
    "sampleCount" : 100,
    "errorCount" : 0,
    "errorPct" : 0.0,
    "meanResTime" : 350.5999999999998,
    "medianResTime" : 319.5,
    "minResTime" : 29.0,
    "maxResTime" : 2283.0,
    "pct1ResTime" : 898.3000000000001,
    "pct2ResTime" : 1058.0499999999997,
    "pct3ResTime" : 2274.959999999996,
    "throughput" : 23.089355806972986,
    "receivedKBytesPerSec" : 9.04182781112907,
    "sentKBytesPerSec" : 13.528919418148233
  },
  "create work experience entry API" : {
    "transaction" : "create work experience entry API",
    "sampleCount" : 100,
    "errorCount" : 0,
    "errorPct" : 0.0,
    "meanResTime" : 343.1700000000002,
    "medianResTime" : 332.5,
    "minResTime" : 32.0,
    "maxResTime" : 1213.0,
    "pct1ResTime" : 842.8000000000004,
    "pct2ResTime" : 975.3499999999995,
    "pct3ResTime" : 1211.7499999999993,
    "throughput" : 22.168033695411218,
    "receivedKBytesPerSec" : 8.681036632675681,
    "sentKBytesPerSec" : 15.045686931944136
  },
  "get degree level API" : {
    "transaction" : "get degree level API",
    "sampleCount" : 100,
    "errorCount" : 0,
    "errorPct" : 0.0,
    "meanResTime" : 290.41,
    "medianResTime" : 23.5,
    "minResTime" : 5.0,
    "maxResTime" : 2048.0,
    "pct1ResTime" : 846.8,
    "pct2ResTime" : 953.9999999999991,
    "pct3ResTime" : 2043.799999999998,
    "throughput" : 22.33638597274961,
    "receivedKBytesPerSec" : 14.06930561760107,
    "sentKBytesPerSec" : 10.775561201697565
  }
}